Date,Close/Last,,,,
1/28/22,$170.33 ,,,,
1/27/22,$159.22 ,,,,
1/26/22,$159.69 ,,,,
1/25/22,$159.78 ,,,,
1/24/22,$161.62 ,,,,
1/21/22,$162.41 ,,,,
1/20/22,$164.51 ,,,,
1/19/22,$166.23 ,,,,
1/18/22,$169.80 ,,,,
1/14/22,$173.07 ,,,,
1/13/22,$172.19 ,,,,
1/12/22,$175.53 ,,,,
1/11/22,$175.08 ,,,,
1/10/22,$172.19 ,,,,
1/7/22,$172.17 ,,,,
1/6/22,$172 ,,,,
1/5/22,$174.92 ,,,,
1/4/22,$179.70 ,,,,
1/3/22,$182.01 ,,,,
12/31/21,$177.57 ,,,,
12/30/21,$178.20 ,,,,
12/29/21,$179.38 ,,,,
12/28/21,$179.29 ,,,,
12/27/21,$180.33 ,,,,
12/23/21,$176.28 ,,,,
12/22/21,$175.64 ,,,,
12/21/21,$172.99 ,,,,
12/20/21,$169.75 ,,,,
12/17/21,$171.14 ,,,,
12/16/21,$172.26 ,,,,
12/15/21,$179.30 ,,,,
12/14/21,$174.33 ,,,,
12/13/21,$175.74 ,,,,
12/10/21,$179.45 ,,,,
12/9/21,$174.56 ,,,,
12/8/21,$175.08 ,,,,
12/7/21,$171.18 ,,,,
12/6/21,$165.32 ,,,,
12/3/21,$161.84 ,,,,
12/2/21,$163.76 ,,,,
12/1/21,$164.77 ,,,,
11/30/21,$165.30 ,,,,
11/29/21,$160.24 ,,,,
11/26/21,$156.81 ,,,,
11/24/21,$161.94 ,,,,
11/23/21,$161.41 ,,,,
11/22/21,$161.02 ,,,,
11/19/21,$160.55 ,,,,
11/18/21,$157.87 ,,,,
11/17/21,$153.49 ,,,,
11/16/21,$151 ,,,,
11/15/21,$150 ,,,,
11/12/21,$149.99 ,,,,
11/11/21,$147.87 ,,,,
11/10/21,$147.92 ,,,,
11/9/21,$150.81 ,,,,
11/8/21,$150.44 ,,,,
11/5/21,$151.28 ,,,,
11/4/21,$150.96 ,,,,
11/3/21,$151.49 ,,,,
11/2/21,$150.02 ,,,,
11/1/21,$148.96 ,,,,
10/29/21,$149.80 ,,,,
10/28/21,$152.57 ,,,,
10/27/21,$148.85 ,,,,
10/26/21,$149.32 ,,,,
10/25/21,$148.64 ,,,,
10/22/21,$148.69 ,,,,
10/21/21,$149.48 ,,,,
10/20/21,$149.26 ,,,,
10/19/21,$148.76 ,,,,
10/18/21,$146.55 ,,,,
10/15/21,$144.84 ,,,,
10/14/21,$143.76 ,,,,
10/13/21,$140.91 ,,,,
10/12/21,$141.51 ,,,,
10/11/21,$142.81 ,,,,
10/8/21,$142.90 ,,,,
10/7/21,$143.29 ,,,,
10/6/21,$142 ,,,,
10/5/21,$141.11 ,,,,
10/4/21,$139.14 ,,,,
10/1/21,$142.65 ,,,,
9/30/21,$141.50 ,,,,
9/29/21,$142.83 ,,,,
9/28/21,$141.91 ,,,,
9/27/21,$145.37 ,,,,
9/24/21,$146.92 ,,,,
9/23/21,$146.83 ,,,,
9/22/21,$145.85 ,,,,
9/21/21,$143.43 ,,,,
9/20/21,$142.94 ,,,,
9/17/21,$146.06 ,,,,
9/16/21,$148.79 ,,,,
9/15/21,$149.03 ,,,,
9/14/21,$148.12 ,,,,
9/13/21,$149.55 ,,,,
9/10/21,$148.97 ,,,,
9/9/21,$154.07 ,,,,
9/8/21,$155.11 ,,,,
9/7/21,$156.69 ,,,,
9/3/21,$154.30 ,,,,
9/2/21,$153.65 ,,,,
9/1/21,$152.51 ,,,,
8/31/21,$151.83 ,,,,
8/30/21,$153.12 ,,,,
8/27/21,$148.60 ,,,,
8/26/21,$147.54 ,,,,
8/25/21,$148.36 ,,,,
8/24/21,$149.62 ,,,,
8/23/21,$149.71 ,,,,
8/20/21,$148.19 ,,,,
8/19/21,$146.70 ,,,,
8/18/21,$146.36 ,,,,
8/17/21,$150.19 ,,,,
8/16/21,$151.12 ,,,,
8/13/21,$149.10 ,,,,
8/12/21,$148.89 ,,,,
8/11/21,$145.86 ,,,,
8/10/21,$145.60 ,,,,
8/9/21,$146.09 ,,,,
8/6/21,$146.14 ,,,,
8/5/21,$147.06 ,,,,
8/4/21,$146.95 ,,,,
8/3/21,$147.36 ,,,,
8/2/21,$145.52 ,,,,
7/30/21,$145.86 ,,,,
7/29/21,$145.64 ,,,,
7/28/21,$144.98 ,,,,
7/27/21,$146.77 ,,,,
7/26/21,$148.99 ,,,,
7/23/21,$148.56 ,,,,
7/22/21,$146.80 ,,,,
7/21/21,$145.40 ,,,,
7/20/21,$146.15 ,,,,
7/19/21,$142.45 ,,,,
7/16/21,$146.39 ,,,,
7/15/21,$148.48 ,,,,
7/14/21,$149.15 ,,,,
7/13/21,$145.64 ,,,,
7/12/21,$144.50 ,,,,
7/9/21,$145.11 ,,,,
7/8/21,$143.24 ,,,,
7/7/21,$144.57 ,,,,
7/6/21,$142.02 ,,,,
7/2/21,$139.96 ,,,,
7/1/21,$137.27 ,,,,
6/30/21,$136.96 ,,,,
6/29/21,$136.33 ,,,,
6/28/21,$134.78 ,,,,
6/25/21,$133.11 ,,,,
6/24/21,$133.41 ,,,,
6/23/21,$133.70 ,,,,
6/22/21,$133.98 ,,,,
6/21/21,$132.30 ,,,,
6/18/21,$130.46 ,,,,
6/17/21,$131.79 ,,,,
6/16/21,$130.15 ,,,,
6/15/21,$129.64 ,,,,
6/14/21,$130.48 ,,,,
6/11/21,$127.35 ,,,,
6/10/21,$126.11 ,,,,
6/9/21,$127.13 ,,,,
6/8/21,$126.74 ,,,,
6/7/21,$125.90 ,,,,
6/4/21,$125.89 ,,,,
6/3/21,$123.54 ,,,,
6/2/21,$125.06 ,,,,
6/1/21,$124.28 ,,,,
5/28/21,$124.61 ,,,,
5/27/21,$125.28 ,,,,
5/26/21,$126.85 ,,,,
5/25/21,$126.90 ,,,,
5/24/21,$127.10 ,,,,
5/21/21,$125.43 ,,,,
5/20/21,$127.31 ,,,,
5/19/21,$124.69 ,,,,
5/18/21,$124.85 ,,,,
5/17/21,$126.27 ,,,,
5/14/21,$127.45 ,,,,
5/13/21,$124.97 ,,,,
5/12/21,$122.77 ,,,,
5/11/21,$125.91 ,,,,
5/10/21,$126.85 ,,,,
5/7/21,$130.21 ,,,,
5/6/21,$129.74 ,,,,
5/5/21,$128.10 ,,,,
5/4/21,$127.85 ,,,,
5/3/21,$132.54 ,,,,
4/30/21,$131.46 ,,,,
4/29/21,$133.48 ,,,,
4/28/21,$133.58 ,,,,
4/27/21,$134.39 ,,,,
4/26/21,$134.72 ,,,,
4/23/21,$134.32 ,,,,
4/22/21,$131.94 ,,,,
4/21/21,$133.50 ,,,,
4/20/21,$133.11 ,,,,
4/19/21,$134.84 ,,,,
4/16/21,$134.16 ,,,,
4/15/21,$134.50 ,,,,
4/14/21,$132.03 ,,,,
4/13/21,$134.43 ,,,,
4/12/21,$131.24 ,,,,
4/9/21,$133.00 ,,,,
4/8/21,$130.36 ,,,,
4/7/21,$127.90 ,,,,
4/6/21,$126.21 ,,,,
4/5/21,$125.90 ,,,,
4/1/21,$123 ,,,,
3/31/21,$122.15 ,,,,
3/30/21,$119.90 ,,,,
3/29/21,$121.39 ,,,,
3/26/21,$121.21 ,,,,
3/25/21,$120.59 ,,,,
3/24/21,$120.09 ,,,,
3/23/21,$122.54 ,,,,
3/22/21,$123.39 ,,,,
3/19/21,$119.99 ,,,,
3/18/21,$120.53 ,,,,
3/17/21,$124.76 ,,,,
3/16/21,$125.57 ,,,,
3/15/21,$123.99 ,,,,
3/12/21,$121.03 ,,,,
3/11/21,$121.96 ,,,,
3/10/21,$119.98 ,,,,
3/9/21,$121.09 ,,,,
3/8/21,$116.36 ,,,,
3/5/21,$121.42 ,,,,
3/4/21,$120.13 ,,,,
3/3/21,$122.06 ,,,,
3/2/21,$125.12 ,,,,
3/1/21,$127.79 ,,,,
2/26/21,$121.26 ,,,,
2/25/21,$120.99 ,,,,
2/24/21,$125.35 ,,,,
2/23/21,$125.86 ,,,,
2/22/21,$126 ,,,,
2/19/21,$129.87 ,,,,
2/18/21,$129.71 ,,,,
2/17/21,$130.84 ,,,,
2/16/21,$133.19 ,,,,
2/12/21,$135.37 ,,,,
2/11/21,$135.13 ,,,,
2/10/21,$135.39 ,,,,
2/9/21,$136.01 ,,,,
2/8/21,$136.91 ,,,,
2/5/21,$136.76 ,,,,
2/4/21,$137.39 ,,,,
2/3/21,$133.94 ,,,,
2/2/21,$134.99 ,,,,
2/1/21,$134.14 ,,,,
1/29/21,$131.96 ,,,,
1/28/21,$137.09 ,,,,
1/27/21,$142.06 ,,,,
1/26/21,$143.16 ,,,,
1/25/21,$142.92 ,,,,
1/22/21,$139.07 ,,,,
1/21/21,$136.87 ,,,,
1/20/21,$132.03 ,,,,
1/19/21,$127.83 ,,,,
1/15/21,$127.14 ,,,,
1/14/21,$128.91 ,,,,
1/13/21,$130.89 ,,,,
1/12/21,$128.80 ,,,,
1/11/21,$128.98 ,,,,
1/8/21,$132.05 ,,,,
1/7/21,$130.92 ,,,,
1/6/21,$126.60 ,,,,
1/5/21,$131.01 ,,,,
1/4/21,$129.41 ,,,,
12/31/20,$132.69 ,,,,
12/30/20,$133.72 ,,,,
12/29/20,$134.87 ,,,,
12/28/20,$136.69 ,,,,
12/24/20,$131.97 ,,,,
12/23/20,$130.96 ,,,,
12/22/20,$131.88 ,,,,
12/21/20,$128.23 ,,,,
12/18/20,$126.66 ,,,,
12/17/20,$128.70 ,,,,
12/16/20,$127.81 ,,,,
12/15/20,$127.88 ,,,,
12/14/20,$121.78 ,,,,
12/11/20,$122.41 ,,,,
12/10/20,$123.24 ,,,,
12/9/20,$121.78 ,,,,
12/8/20,$124.38 ,,,,
12/7/20,$123.75 ,,,,
12/4/20,$122.25 ,,,,
12/3/20,$122.94 ,,,,
12/2/20,$123.08 ,,,,
12/1/20,$122.72 ,,,,
11/30/20,$119.05 ,,,,
11/27/20,$116.59 ,,,,
11/25/20,$116.03 ,,,,
11/24/20,$115.17 ,,,,
11/23/20,$113.85 ,,,,
11/20/20,$117.34 ,,,,
11/19/20,$118.64 ,,,,
11/18/20,$118.03 ,,,,
11/17/20,$119.39 ,,,,
11/16/20,$120.30 ,,,,
11/13/20,$119.26 ,,,,
11/12/20,$119.21 ,,,,
11/11/20,$119.49 ,,,,
11/10/20,$115.97 ,,,,
11/9/20,$116.32 ,,,,
11/6/20,$118.69 ,,,,
11/5/20,$119.03 ,,,,
11/4/20,$114.95 ,,,,
11/3/20,$110.44 ,,,,
11/2/20,$108.77 ,,,,
10/30/20,$108.86 ,,,,
10/29/20,$115.32 ,,,,
10/28/20,$111.20 ,,,,
10/27/20,$116.60 ,,,,
10/26/20,$115.05 ,,,,
10/23/20,$115.04 ,,,,
10/22/20,$115.75 ,,,,
10/21/20,$116.87 ,,,,
10/20/20,$117.51 ,,,,
10/19/20,$115.98 ,,,,
10/16/20,$119.02 ,,,,
10/15/20,$120.71 ,,,,
10/14/20,$121.19 ,,,,
10/13/20,$121.10 ,,,,
10/12/20,$124.40 ,,,,
10/9/20,$116.97 ,,,,
10/8/20,$114.97 ,,,,
10/7/20,$115.08 ,,,,
10/6/20,$113.16 ,,,,
10/5/20,$116.50 ,,,,
10/2/20,$113.02 ,,,,
10/1/20,$116.79 ,,,,
9/30/20,$115.81 ,,,,
9/29/20,$114.09 ,,,,
9/28/20,$114.96 ,,,,
9/25/20,$112.28 ,,,,
9/24/20,$108.22 ,,,,
9/23/20,$107.12 ,,,,
9/22/20,$111.81 ,,,,
9/21/20,$110.08 ,,,,
9/18/20,$106.84 ,,,,
9/17/20,$110.34 ,,,,
9/16/20,$112.13 ,,,,
9/15/20,$115.54 ,,,,
9/14/20,$115.36 ,,,,
9/11/20,$112 ,,,,
9/10/20,$113.49 ,,,,
9/9/20,$117.32 ,,,,
9/8/20,$112.82 ,,,,
9/4/20,$120.96 ,,,,
9/3/20,$120.88 ,,,,
9/2/20,$131.40 ,,,,
9/1/20,$134.18 ,,,,
8/31/20,$129.04 ,,,,
8/28/20,$124.81 ,,,,
8/27/20,$125.01 ,,,,
8/26/20,$126.52 ,,,,
8/25/20,$124.83 ,,,,
8/24/20,$125.86 ,,,,
8/21/20,$124.37 ,,,,
8/20/20,$118.28 ,,,,
8/19/20,$115.71 ,,,,
8/18/20,$115.56 ,,,,
8/17/20,$114.61 ,,,,
8/14/20,$114.91 ,,,,
8/13/20,$115.01 ,,,,
8/12/20,$113.01 ,,,,
8/11/20,$109.38 ,,,,
8/10/20,$112.73 ,,,,
8/7/20,$111.11 ,,,,
8/6/20,$113.90 ,,,,
8/5/20,$110.06 ,,,,
8/4/20,$109.67 ,,,,
8/3/20,$108.94 ,,,,
7/31/20,$106.26 ,,,,
7/30/20,$96.19 ,,,,
7/29/20,$95.04 ,,,,
7/28/20,$93.25 ,,,,
7/27/20,$94.81 ,,,,
7/24/20,$92.62 ,,,,
7/23/20,$92.85 ,,,,
7/22/20,$97.27 ,,,,
7/21/20,$97 ,,,,
7/20/20,$98.36 ,,,,
7/17/20,$96.33 ,,,,
7/16/20,$96.52 ,,,,
7/15/20,$97.73 ,,,,
7/14/20,$97.06 ,,,,
7/13/20,$95.48 ,,,,
7/10/20,$95.92 ,,,,
7/9/20,$95.68 ,,,,
7/8/20,$95.34 ,,,,
7/7/20,$93.17 ,,,,
7/6/20,$93.46 ,,,,
7/2/20,$91.03 ,,,,
7/1/20,$91.03 ,,,,
6/30/20,$91.20 ,,,,
6/29/20,$90.45 ,,,,
6/26/20,$88.41 ,,,,
6/25/20,$91.21 ,,,,
6/24/20,$90.02 ,,,,
6/23/20,$91.63 ,,,,
6/22/20,$89.72 ,,,,
6/19/20,$87.43 ,,,,
6/18/20,$87.93 ,,,,
6/17/20,$87.90 ,,,,
6/16/20,$88.02 ,,,,
6/15/20,$85.75 ,,,,
6/12/20,$84.70 ,,,,
6/11/20,$83.98 ,,,,
6/10/20,$88.21 ,,,,
6/9/20,$86.00 ,,,,
6/8/20,$83.37 ,,,,
6/5/20,$82.88 ,,,,
6/4/20,$80.58 ,,,,
6/3/20,$81.28 ,,,,
6/2/20,$80.84 ,,,,
6/1/20,$80.46 ,,,,
5/29/20,$79.49 ,,,,
5/28/20,$79.56 ,,,,
5/27/20,$79.53 ,,,,
5/26/20,$79.18 ,,,,
5/22/20,$79.72 ,,,,
5/21/20,$79.21 ,,,,
5/20/20,$79.81 ,,,,
5/19/20,$78.29 ,,,,
5/18/20,$78.74 ,,,,
5/15/20,$76.93 ,,,,
5/14/20,$77.39 ,,,,
5/13/20,$76.91 ,,,,
5/12/20,$77.85 ,,,,
5/11/20,$78.75 ,,,,
5/8/20,$77.53 ,,,,
5/7/20,$75.94 ,,,,
5/6/20,$75.16 ,,,,
5/5/20,$74.39 ,,,,
5/4/20,$73.29 ,,,,
5/1/20,$72.27 ,,,,
4/30/20,$73.45 ,,,,
4/29/20,$71.93 ,,,,
4/28/20,$69.65 ,,,,
4/27/20,$70.79 ,,,,
4/24/20,$70.74 ,,,,
4/23/20,$68.76 ,,,,
4/22/20,$69.03 ,,,,
4/21/20,$67.09 ,,,,
4/20/20,$69.23 ,,,,
4/17/20,$70.70 ,,,,
4/16/20,$71.67 ,,,,
4/15/20,$71.11 ,,,,
4/14/20,$71.76 ,,,,
4/13/20,$68.31 ,,,,
4/9/20,$67.00 ,,,,
4/8/20,$66.52 ,,,,
4/7/20,$64.86 ,,,,
4/6/20,$65.62 ,,,,
4/3/20,$60.35 ,,,,
4/2/20,$61.23 ,,,,
4/1/20,$60.23 ,,,,
3/31/20,$63.57 ,,,,
3/30/20,$63.70 ,,,,
3/27/20,$61.94 ,,,,
3/26/20,$64.61 ,,,,
3/25/20,$61.38 ,,,,
3/24/20,$61.72 ,,,,
3/23/20,$56.09 ,,,,
3/20/20,$57.31 ,,,,
3/19/20,$61.20 ,,,,
3/18/20,$61.67 ,,,,
3/17/20,$63.22 ,,,,
3/16/20,$60.55 ,,,,
3/13/20,$69.49 ,,,,
3/12/20,$62.06 ,,,,
3/11/20,$68.86 ,,,,
3/10/20,$71.34 ,,,,
3/9/20,$66.54 ,,,,
3/6/20,$72.26 ,,,,
3/5/20,$73.23 ,,,,
3/4/20,$75.69 ,,,,
3/3/20,$72.33 ,,,,
3/2/20,$74.70 ,,,,
2/28/20,$68.34 ,,,,
2/27/20,$68.38 ,,,,
2/26/20,$73.16 ,,,,
2/25/20,$72.02 ,,,,
2/24/20,$74.55 ,,,,
2/21/20,$78.26 ,,,,
2/20/20,$80.08 ,,,,
2/19/20,$80.91 ,,,,
2/18/20,$79.75 ,,,,
2/14/20,$81.24 ,,,,
2/13/20,$81.22 ,,,,
2/12/20,$81.80 ,,,,
2/11/20,$79.90 ,,,,
2/10/20,$80.39 ,,,,
2/7/20,$80.01 ,,,,
2/6/20,$81.30 ,,,,
2/5/20,$80.36 ,,,,
2/4/20,$79.71 ,,,,
2/3/20,$77.17 ,,,,
1/31/20,$77.38 ,,,,
1/30/20,$80.97 ,,,,
1/29/20,$81.09 ,,,,
1/28/20,$79.42 ,,,,
1/27/20,$77.24 ,,,,
1/24/20,$79.58 ,,,,
1/23/20,$79.81 ,,,,
1/22/20,$79.43 ,,,,
1/21/20,$79.14 ,,,,
1/17/20,$79.68 ,,,,
1/16/20,$78.81 ,,,,
1/15/20,$77.84 ,,,,
1/14/20,$78.17 ,,,,
1/13/20,$79.24 ,,,,
1/10/20,$77.58 ,,,,
1/9/20,$77.41 ,,,,
1/8/20,$75.80 ,,,,
1/7/20,$74.60 ,,,,
1/6/20,$74.95 ,,,,
1/3/20,$74.36 ,,,,
1/2/20,$75.09 ,,,,
12/31/19,$73.41 ,,,,
12/30/19,$72.88 ,,,,
12/27/19,$72.45 ,,,,
12/26/19,$72.48 ,,,,
12/24/19,$71.07 ,,,,
12/23/19,$71 ,,,,
12/20/19,$69.86 ,,,,
12/19/19,$70.01 ,,,,
12/18/19,$69.94 ,,,,
12/17/19,$70.10 ,,,,
12/16/19,$69.97 ,,,,
12/13/19,$68.79 ,,,,
12/12/19,$67.87 ,,,,
12/11/19,$67.69 ,,,,
12/10/19,$67.12 ,,,,
12/9/19,$66.73 ,,,,
12/6/19,$67.68 ,,,,
12/5/19,$66.40 ,,,,
12/4/19,$65.44 ,,,,
12/3/19,$64.86 ,,,,
12/2/19,$66.04 ,,,,
11/29/19,$66.81 ,,,,
11/27/19,$66.96 ,,,,
11/26/19,$66.07 ,,,,
11/25/19,$66.59 ,,,,
11/22/19,$65.45 ,,,,
11/21/19,$65.50 ,,,,
11/20/19,$65.80 ,,,,
11/19/19,$66.57 ,,,,
11/18/19,$66.78 ,,,,
11/15/19,$66.44 ,,,,
11/14/19,$65.66 ,,,,
11/13/19,$66.12 ,,,,
11/12/19,$65.49 ,,,,
11/11/19,$65.55 ,,,,
11/8/19,$65.04 ,,,,
11/7/19,$64.86 ,,,,
11/6/19,$64.31 ,,,,
11/5/19,$64.28 ,,,,
11/4/19,$64.38 ,,,,
11/1/19,$63.96 ,,,,
10/31/19,$62.19 ,,,,
10/30/19,$60.82 ,,,,
10/29/19,$60.82 ,,,,
10/28/19,$62.26 ,,,,
10/25/19,$61.65 ,,,,
10/24/19,$60.90 ,,,,
10/23/19,$60.80 ,,,,
10/22/19,$59.99 ,,,,
10/21/19,$60.13 ,,,,
10/18/19,$59.10 ,,,,
10/17/19,$58.82 ,,,,
10/16/19,$58.59 ,,,,
10/15/19,$58.83 ,,,,
10/14/19,$58.97 ,,,,
10/11/19,$59.05 ,,,,
10/10/19,$57.52 ,,,,
10/9/19,$56.76 ,,,,
10/8/19,$56.10 ,,,,
10/7/19,$56.77 ,,,,
10/4/19,$56.75 ,,,,
10/3/19,$55.21 ,,,,
10/2/19,$54.74 ,,,,
10/1/19,$56.15 ,,,,
9/30/19,$55.99 ,,,,
9/27/19,$54.71 ,,,,
9/26/19,$54.97 ,,,,
9/25/19,$55.26 ,,,,
9/24/19,$54.42 ,,,,
9/23/19,$54.68 ,,,,
9/20/19,$54.43 ,,,,
9/19/19,$55.24 ,,,,
9/18/19,$55.69 ,,,,
9/17/19,$55.18 ,,,,
9/16/19,$54.98 ,,,,
9/13/19,$54.69 ,,,,
9/12/19,$55.77 ,,,,
9/11/19,$55.90 ,,,,
9/10/19,$54.18 ,,,,
9/9/19,$53.54 ,,,,
9/6/19,$53.32 ,,,,
9/5/19,$53.32 ,,,,
9/4/19,$52.30 ,,,,
9/3/19,$51.43 ,,,,
8/30/19,$52.19 ,,,,
8/29/19,$52.25 ,,,,
8/28/19,$51.38 ,,,,
8/27/19,$51.04 ,,,,
8/26/19,$51.62 ,,,,
8/23/19,$50.66 ,,,,
8/22/19,$53.12 ,,,,
8/21/19,$53.16 ,,,,
8/20/19,$52.59 ,,,,
8/19/19,$52.59 ,,,,
8/16/19,$51.63 ,,,,
8/15/19,$50.44 ,,,,
8/14/19,$50.69 ,,,,
8/13/19,$52.24 ,,,,
8/12/19,$50.12 ,,,,
8/9/19,$50.25 ,,,,
8/8/19,$50.86 ,,,,
8/7/19,$49.76 ,,,,
8/6/19,$49.25 ,,,,
8/5/19,$48.34 ,,,,
8/2/19,$51.01 ,,,,
8/1/19,$52.11 ,,,,
7/31/19,$53.26 ,,,,
7/30/19,$52.20 ,,,,
7/29/19,$52.42 ,,,,
7/26/19,$51.94 ,,,,
7/25/19,$51.76 ,,,,
7/24/19,$52.17 ,,,,
7/23/19,$52.21 ,,,,
7/22/19,$51.81 ,,,,
7/19/19,$50.65 ,,,,
7/18/19,$51.42 ,,,,
7/17/19,$50.84 ,,,,
7/16/19,$51.13 ,,,,
7/15/19,$51.30 ,,,,
7/12/19,$50.83 ,,,,
7/11/19,$50.44 ,,,,
7/10/19,$50.81 ,,,,
7/9/19,$50.31 ,,,,
7/8/19,$50.01 ,,,,
7/5/19,$51.06 ,,,,
7/3/19,$51.10 ,,,,
7/2/19,$50.68 ,,,,
7/1/19,$50.39 ,,,,
6/28/19,$49.48 ,,,,
6/27/19,$49.94 ,,,,
6/26/19,$49.95 ,,,,
6/25/19,$48.89 ,,,,
6/24/19,$49.65 ,,,,
6/21/19,$49.70 ,,,,
6/20/19,$49.87 ,,,,
6/19/19,$49.47 ,,,,
6/18/19,$49.61 ,,,,
6/17/19,$48.47 ,,,,
6/14/19,$48.19 ,,,,
6/13/19,$48.54 ,,,,
6/12/19,$48.55 ,,,,
6/11/19,$48.70 ,,,,
6/10/19,$48.15 ,,,,
6/7/19,$47.54 ,,,,
6/6/19,$46.31 ,,,,
6/5/19,$45.64 ,,,,
6/4/19,$44.91 ,,,,
6/3/19,$43.33 ,,,,
5/31/19,$43.77 ,,,,
5/30/19,$44.58 ,,,,
5/29/19,$44.35 ,,,,
5/28/19,$44.56 ,,,,
5/24/19,$44.74 ,,,,
5/23/19,$44.92 ,,,,
5/22/19,$45.70 ,,,,
5/21/19,$46.65 ,,,,
5/20/19,$45.77 ,,,,
5/17/19,$47.25 ,,,,
5/16/19,$47.52 ,,,,
5/15/19,$47.73 ,,,,
5/14/19,$47.17 ,,,,
5/13/19,$46.43 ,,,,
5/10/19,$49.30 ,,,,
5/9/19,$50.18 ,,,,
5/8/19,$50.73 ,,,,
5/7/19,$50.72 ,,,,
5/6/19,$52.12 ,,,,
5/3/19,$52.94 ,,,,
5/2/19,$52.29 ,,,,
5/1/19,$52.63 ,,,,
4/30/19,$50.17 ,,,,
4/29/19,$51.15 ,,,,
4/26/19,$51.08 ,,,,
4/25/19,$51.32 ,,,,
4/24/19,$51.79 ,,,,
4/23/19,$51.87 ,,,,
4/22/19,$51.13 ,,,,
4/18/19,$50.97 ,,,,
4/17/19,$50.78 ,,,,
4/16/19,$49.81 ,,,,
4/15/19,$49.81 ,,,,
4/12/19,$49.72 ,,,,
4/11/19,$49.74 ,,,,
4/10/19,$50.16 ,,,,
4/9/19,$49.88 ,,,,
4/8/19,$50.03 ,,,,
4/5/19,$49.25 ,,,,
4/4/19,$48.92 ,,,,
4/3/19,$48.84 ,,,,
4/2/19,$48.51 ,,,,
4/1/19,$47.81 ,,,,
3/29/19,$47.49 ,,,,
3/28/19,$47.18 ,,,,
3/27/19,$47.12 ,,,,
3/26/19,$46.70 ,,,,
3/25/19,$47.19 ,,,,
3/22/19,$47.76 ,,,,
3/21/19,$48.77 ,,,,
3/20/19,$47.04 ,,,,
3/19/19,$46.63 ,,,,
3/18/19,$47.01 ,,,,
3/15/19,$46.53 ,,,,
3/14/19,$45.93 ,,,,
3/13/19,$45.43 ,,,,
3/12/19,$45.23 ,,,,
3/11/19,$44.73 ,,,,
3/8/19,$43.23 ,,,,
3/7/19,$43.13 ,,,,
3/6/19,$43.63 ,,,,
3/5/19,$43.88 ,,,,
3/4/19,$43.96 ,,,,
3/1/19,$43.74 ,,,,
2/28/19,$43.29 ,,,,
2/27/19,$43.72 ,,,,
2/26/19,$43.58 ,,,,
2/25/19,$43.56 ,,,,
2/22/19,$43.24 ,,,,
2/21/19,$42.77 ,,,,
2/20/19,$43.01 ,,,,
2/19/19,$42.73 ,,,,
2/15/19,$42.61 ,,,,
2/14/19,$42.70 ,,,,
2/13/19,$42.55 ,,,,
2/12/19,$42.72 ,,,,
2/11/19,$42.36 ,,,,
2/8/19,$42.60 ,,,,
2/7/19,$42.74 ,,,,
2/6/19,$43.56 ,,,,
2/5/19,$43.55 ,,,,
2/4/19,$42.81 ,,,,
2/1/19,$41.63 ,,,,
1/31/19,$41.61 ,,,,
1/30/19,$41.31 ,,,,
1/29/19,$38.67 ,,,,
1/28/19,$39.08 ,,,,
1/25/19,$39.44 ,,,,
1/24/19,$38.18 ,,,,
1/23/19,$38.48 ,,,,
1/22/19,$38.33 ,,,,
1/18/19,$39.21 ,,,,
1/17/19,$38.97 ,,,,
1/16/19,$38.74 ,,,,
1/15/19,$38.27 ,,,,
1/14/19,$37.50 ,,,,
1/11/19,$38.07 ,,,,
1/10/19,$38.45 ,,,,
1/9/19,$38.33 ,,,,
1/8/19,$37.69 ,,,,
1/7/19,$36.98 ,,,,
1/4/19,$37.07 ,,,,
1/3/19,$35.55 ,,,,
1/2/19,$39.48 ,,,,
12/31/18,$39.44 ,,,,
12/28/18,$39.06 ,,,,
12/27/18,$39.04 ,,,,
12/26/18,$39.29 ,,,,
12/24/18,$36.71 ,,,,
12/21/18,$37.68 ,,,,
12/20/18,$39.21 ,,,,
12/19/18,$40.22 ,,,,
12/18/18,$41.52 ,,,,
12/17/18,$40.99 ,,,,
12/14/18,$41.37 ,,,,
12/13/18,$42.74 ,,,,
12/12/18,$42.28 ,,,,
12/11/18,$42.16 ,,,,
12/10/18,$42.40 ,,,,
12/7/18,$42.12 ,,,,
12/6/18,$43.68 ,,,,
12/4/18,$44.17 ,,,,
12/3/18,$46.21 ,,,,
11/30/18,$44.65 ,,,,
11/29/18,$44.89 ,,,,
11/28/18,$45.24 ,,,,
11/27/18,$43.56 ,,,,
11/26/18,$43.66 ,,,,
11/23/18,$43.07 ,,,,
11/21/18,$44.20 ,,,,
11/20/18,$44.25 ,,,,
11/19/18,$46.47 ,,,,
11/16/18,$48.38 ,,,,
11/15/18,$47.85 ,,,,
11/14/18,$46.70 ,,,,
11/13/18,$48.06 ,,,,
11/12/18,$48.54 ,,,,
11/9/18,$51.12 ,,,,
11/8/18,$52.12 ,,,,
11/7/18,$52.49 ,,,,
11/6/18,$50.94 ,,,,
11/5/18,$50.40 ,,,,
11/2/18,$51.87 ,,,,
11/1/18,$55.56 ,,,,
10/31/18,$54.72 ,,,,
10/30/18,$53.33 ,,,,
10/29/18,$53.06 ,,,,
10/26/18,$54.08 ,,,,
10/25/18,$54.95 ,,,,
10/24/18,$53.77 ,,,,
10/23/18,$55.68 ,,,,
10/22/18,$55.16 ,,,,
10/19/18,$54.83 ,,,,
10/18/18,$54.01 ,,,,
10/17/18,$55.30 ,,,,
10/16/18,$55.54 ,,,,
10/15/18,$54.34 ,,,,
10/12/18,$55.53 ,,,,
10/11/18,$53.61 ,,,,
10/10/18,$54.09 ,,,,
10/9/18,$56.72 ,,,,
10/8/18,$55.94 ,,,,
10/5/18,$56.07 ,,,,
10/4/18,$57.00 ,,,,
10/3/18,$58.02 ,,,,
10/2/18,$57.32 ,,,,
10/1/18,$56.82 ,,,,
9/28/18,$56.44 ,,,,
9/27/18,$56.24 ,,,,
9/26/18,$55.11 ,,,,
9/25/18,$55.55 ,,,,
9/24/18,$55.20 ,,,,
9/21/18,$54.42 ,,,,
9/20/18,$55.01 ,,,,
9/19/18,$54.59 ,,,,
9/18/18,$54.56 ,,,,
9/17/18,$54.47 ,,,,
9/14/18,$55.96 ,,,,
9/13/18,$56.60 ,,,,
9/12/18,$55.27 ,,,,
9/11/18,$55.96 ,,,,
9/10/18,$54.58 ,,,,
9/7/18,$55.33 ,,,,
9/6/18,$55.78 ,,,,
9/5/18,$56.72 ,,,,
9/4/18,$57.09 ,,,,
8/31/18,$56.91 ,,,,
8/30/18,$56.26 ,,,,
8/29/18,$55.75 ,,,,
8/28/18,$54.93 ,,,,
8/27/18,$54.49 ,,,,
8/24/18,$54.04 ,,,,
8/23/18,$53.87 ,,,,
8/22/18,$53.76 ,,,,
8/21/18,$53.76 ,,,,
8/20/18,$53.87 ,,,,
8/17/18,$54.40 ,,,,
8/16/18,$53.33 ,,,,
8/15/18,$52.56 ,,,,
8/14/18,$52.44 ,,,,
8/13/18,$52.22 ,,,,
8/10/18,$51.88 ,,,,
8/9/18,$52.22 ,,,,
8/8/18,$51.81 ,,,,
8/7/18,$51.78 ,,,,
8/6/18,$52.27 ,,,,
8/3/18,$52.00 ,,,,
8/2/18,$51.85 ,,,,
8/1/18,$50.38 ,,,,
7/31/18,$47.57 ,,,,
7/30/18,$47.48 ,,,,
7/27/18,$47.75 ,,,,
7/26/18,$48.55 ,,,,
7/25/18,$48.71 ,,,,
7/24/18,$48.25 ,,,,
7/23/18,$47.90 ,,,,
7/20/18,$47.86 ,,,,
7/19/18,$47.97 ,,,,
7/18/18,$47.60 ,,,,
7/17/18,$47.86 ,,,,
7/16/18,$47.73 ,,,,
7/13/18,$47.83 ,,,,
7/12/18,$47.76 ,,,,
7/11/18,$46.97 ,,,,
7/10/18,$47.59 ,,,,
7/9/18,$47.65 ,,,,
7/6/18,$46.99 ,,,,
7/5/18,$46.35 ,,,,
7/3/18,$45.98 ,,,,
7/2/18,$46.80 ,,,,
6/29/18,$46.28 ,,,,
6/28/18,$46.38 ,,,,
6/27/18,$46.04 ,,,,
6/26/18,$46.11 ,,,,
6/25/18,$45.54 ,,,,
6/22/18,$46.23 ,,,,
6/21/18,$46.37 ,,,,
6/20/18,$46.63 ,,,,
6/19/18,$46.42 ,,,,
6/18/18,$47.19 ,,,,
6/15/18,$47.21 ,,,,
6/14/18,$47.70 ,,,,
6/13/18,$47.68 ,,,,
6/12/18,$48.07 ,,,,
6/11/18,$47.81 ,,,,
6/8/18,$47.93 ,,,,
6/7/18,$48.37 ,,,,
6/6/18,$48.50 ,,,,
6/5/18,$48.33 ,,,,
6/4/18,$47.96 ,,,,
6/1/18,$47.56 ,,,,
5/31/18,$46.72 ,,,,
5/30/18,$46.88 ,,,,
5/29/18,$46.98 ,,,,
5/25/18,$47.15 ,,,,
5/24/18,$47.04 ,,,,
5/23/18,$47.09 ,,,,
5/22/18,$46.79 ,,,,
5/21/18,$46.91 ,,,,
5/18/18,$46.58 ,,,,
5/17/18,$46.75 ,,,,
5/16/18,$47.05 ,,,,
5/15/18,$46.61 ,,,,
5/14/18,$47.04 ,,,,
5/11/18,$47.15 ,,,,
5/10/18,$47.51 ,,,,
5/9/18,$46.84 ,,,,
5/8/18,$46.51 ,,,,
5/7/18,$46.29 ,,,,
5/4/18,$45.96 ,,,,
5/3/18,$44.22 ,,,,
5/2/18,$44.14 ,,,,
5/1/18,$42.28 ,,,,
4/30/18,$41.32 ,,,,
4/27/18,$40.58 ,,,,
4/26/18,$41.06 ,,,,
4/25/18,$40.91 ,,,,
4/24/18,$40.74 ,,,,
4/23/18,$41.31 ,,,,
4/20/18,$41.43 ,,,,
4/19/18,$43.20 ,,,,
4/18/18,$44.46 ,,,,
4/17/18,$44.56 ,,,,
4/16/18,$43.96 ,,,,
4/13/18,$43.68 ,,,,
4/12/18,$43.54 ,,,,
4/11/18,$43.11 ,,,,
4/10/18,$43.31 ,,,,
4/9/18,$42.51 ,,,,
4/6/18,$42.10 ,,,,
4/5/18,$43.20 ,,,,
4/4/18,$42.90 ,,,,
4/3/18,$42.10 ,,,,
4/2/18,$41.67 ,,,,
3/29/18,$41.95 ,,,,
3/28/18,$41.62 ,,,,
3/27/18,$42.09 ,,,,
3/26/18,$43.19 ,,,,
3/23/18,$41.24 ,,,,
3/22/18,$42.21 ,,,,
3/21/18,$42.82 ,,,,
3/20/18,$43.81 ,,,,
3/19/18,$43.83 ,,,,
3/16/18,$44.51 ,,,,
3/15/18,$44.66 ,,,,
3/14/18,$44.61 ,,,,
3/13/18,$44.99 ,,,,
3/12/18,$45.43 ,,,,
3/9/18,$45.00 ,,,,
3/8/18,$44.24 ,,,,
3/7/18,$43.76 ,,,,
3/6/18,$44.17 ,,,,
3/5/18,$44.21 ,,,,
3/2/18,$44.05 ,,,,
3/1/18,$43.75 ,,,,
2/28/18,$44.53 ,,,,
2/27/18,$44.60 ,,,,
2/26/18,$44.74 ,,,,
2/23/18,$43.88 ,,,,
2/22/18,$43.13 ,,,,
2/21/18,$42.77 ,,,,
2/20/18,$42.96 ,,,,
2/16/18,$43.11 ,,,,
2/15/18,$43.25 ,,,,
2/14/18,$41.84 ,,,,
2/13/18,$41.09 ,,,,
2/12/18,$40.68 ,,,,
2/9/18,$39.10 ,,,,
2/8/18,$38.79 ,,,,
2/7/18,$39.89 ,,,,
2/6/18,$40.76 ,,,,
2/5/18,$39.12 ,,,,
2/2/18,$40.13 ,,,,
2/1/18,$41.95 ,,,,
1/31/18,$41.86 ,,,,
1/30/18,$41.74 ,,,,
1/29/18,$41.99 ,,,,
1/26/18,$42.88 ,,,,
1/25/18,$42.78 ,,,,
1/24/18,$43.56 ,,,,
1/23/18,$44.26 ,,,,
1/22/18,$44.25 ,,,,
1/19/18,$44.62 ,,,,
1/18/18,$44.82 ,,,,
1/17/18,$44.78 ,,,,
1/16/18,$44.05 ,,,,
1/12/18,$44.27 ,,,,
1/11/18,$43.82 ,,,,
1/10/18,$43.57 ,,,,
1/9/18,$43.58 ,,,,
1/8/18,$43.59 ,,,,
1/5/18,$43.75 ,,,,
1/4/18,$43.26 ,,,,
1/3/18,$43.06 ,,,,
1/2/18,$43.07 ,,,,
12/29/17,$42.31 ,,,,
12/28/17,$42.77 ,,,,
12/27/17,$42.65 ,,,,
12/26/17,$42.64 ,,,,
12/22/17,$43.75 ,,,,
12/21/17,$43.75 ,,,,
12/20/17,$43.59 ,,,,
12/19/17,$43.64 ,,,,
12/18/17,$44.11 ,,,,
12/15/17,$43.49 ,,,,
12/14/17,$43.06 ,,,,
12/13/17,$43.07 ,,,,
12/12/17,$42.93 ,,,,
12/11/17,$43.17 ,,,,
12/8/17,$42.34 ,,,,
12/7/17,$42.33 ,,,,
12/6/17,$42.25 ,,,,
12/5/17,$42.41 ,,,,
12/4/17,$42.45 ,,,,
12/1/17,$42.76 ,,,,
11/30/17,$42.96 ,,,,
11/29/17,$42.37 ,,,,
11/28/17,$43.27 ,,,,
11/27/17,$43.52 ,,,,
11/24/17,$43.74 ,,,,
11/22/17,$43.74 ,,,,
11/21/17,$43.29 ,,,,
11/20/17,$42.50 ,,,,
11/17/17,$42.54 ,,,,
11/16/17,$42.78 ,,,,
11/15/17,$42.27 ,,,,
11/14/17,$42.84 ,,,,
11/13/17,$43.49 ,,,,
11/10/17,$43.67 ,,,,
11/9/17,$43.97 ,,,,
11/8/17,$44.06 ,,,,
11/7/17,$43.70 ,,,,
11/6/17,$43.56 ,,,,
11/3/17,$43.13 ,,,,
11/2/17,$42.03 ,,,,
11/1/17,$41.72 ,,,,
10/31/17,$42.26 ,,,,
10/30/17,$41.68 ,,,,
10/27/17,$40.76 ,,,,
10/26/17,$39.35 ,,,,
10/25/17,$39.10 ,,,,
10/24/17,$39.28 ,,,,
10/23/17,$39.04 ,,,,
10/20/17,$39.06 ,,,,
10/19/17,$39.00 ,,,,
10/18/17,$39.94 ,,,,
10/17/17,$40.12 ,,,,
10/16/17,$39.97 ,,,,
10/13/17,$39.25 ,,,,
10/12/17,$39 ,,,,
10/11/17,$39.14 ,,,,
10/10/17,$38.98 ,,,,
10/9/17,$38.96 ,,,,
10/6/17,$38.83 ,,,,
10/5/17,$38.85 ,,,,
10/4/17,$38.37 ,,,,
10/3/17,$38.62 ,,,,
10/2/17,$38.45 ,,,,
9/29/17,$38.53 ,,,,
9/28/17,$38.32 ,,,,
9/27/17,$38.56 ,,,,
9/26/17,$38.29 ,,,,
9/25/17,$37.64 ,,,,
9/22/17,$37.97 ,,,,
9/21/17,$38.35 ,,,,
9/20/17,$39.02 ,,,,
9/19/17,$39.68 ,,,,
9/18/17,$39.67 ,,,,
9/15/17,$39.97 ,,,,
9/14/17,$39.57 ,,,,
9/13/17,$39.91 ,,,,
9/12/17,$40.22 ,,,,
9/11/17,$40.38 ,,,,
9/8/17,$39.66 ,,,,
9/7/17,$40.32 ,,,,
9/6/17,$40.48 ,,,,
9/5/17,$40.52 ,,,,
9/1/17,$41.01 ,,,,
8/31/17,$41 ,,,,
8/30/17,$40.84 ,,,,
8/29/17,$40.73 ,,,,
8/28/17,$40.37 ,,,,
8/25/17,$39.97 ,,,,
8/24/17,$39.82 ,,,,
8/23/17,$40.00 ,,,,
8/22/17,$39.95 ,,,,
8/21/17,$39.30 ,,,,
8/18/17,$39.38 ,,,,
8/17/17,$39.47 ,,,,
8/16/17,$40.24 ,,,,
8/15/17,$40.40 ,,,,
8/14/17,$39.96 ,,,,
8/11/17,$39.37 ,,,,
8/10/17,$38.83 ,,,,
8/9/17,$40.27 ,,,,
8/8/17,$40.02 ,,,,
8/7/17,$39.70 ,,,,
8/4/17,$39.10 ,,,,
8/3/17,$38.89 ,,,,
8/2/17,$39.29 ,,,,
8/1/17,$37.51 ,,,,
7/31/17,$37.18 ,,,,
7/28/17,$37.38 ,,,,
7/27/17,$37.64 ,,,,
7/26/17,$38.37 ,,,,
7/25/17,$38.19 ,,,,
7/24/17,$38.02 ,,,,
7/21/17,$37.57 ,,,,
7/20/17,$37.59 ,,,,
7/19/17,$37.76 ,,,,
7/18/17,$37.52 ,,,,
7/17/17,$37.39 ,,,,
7/14/17,$37.26 ,,,,
7/13/17,$36.94 ,,,,
7/12/17,$36.44 ,,,,
7/11/17,$36.38 ,,,,
7/10/17,$36.27 ,,,,
7/7/17,$36.05 ,,,,
7/6/17,$35.68 ,,,,
7/5/17,$36.02 ,,,,
7/3/17,$35.88 ,,,,
6/30/17,$36.01 ,,,,
6/29/17,$35.92 ,,,,
6/28/17,$36.46 ,,,,
6/27/17,$35.93 ,,,,
6/26/17,$36.46 ,,,,
6/23/17,$36.57 ,,,,
6/22/17,$36.41 ,,,,
6/21/17,$36.47 ,,,,
6/20/17,$36.25 ,,,,
6/19/17,$36.59 ,,,,
6/16/17,$35.57 ,,,,
6/15/17,$36.07 ,,,,
6/14/17,$36.29 ,,,,
6/13/17,$36.65 ,,,,
6/12/17,$36.36 ,,,,
6/9/17,$37.25 ,,,,
6/8/17,$38.75 ,,,,
6/7/17,$38.84 ,,,,
6/6/17,$38.61 ,,,,
6/5/17,$38.48 ,,,,
6/2/17,$38.86 ,,,,
6/1/17,$38.30 ,,,,
5/31/17,$38.19 ,,,,
5/30/17,$38.42 ,,,,
5/26/17,$38.40 ,,,,
5/25/17,$38.47 ,,,,
5/24/17,$38.34 ,,,,
5/23/17,$38.45 ,,,,
5/22/17,$38.50 ,,,,
5/19/17,$38.27 ,,,,
5/18/17,$38.14 ,,,,
5/17/17,$37.56 ,,,,
5/16/17,$38.87 ,,,,
5/15/17,$38.93 ,,,,
5/12/17,$39.03 ,,,,
5/11/17,$38.49 ,,,,
5/10/17,$38.32 ,,,,
5/9/17,$38.50 ,,,,
5/8/17,$38.25 ,,,,
5/5/17,$37.24 ,,,,
5/4/17,$36.63 ,,,,
5/3/17,$36.77 ,,,,
5/2/17,$36.88 ,,,,
5/1/17,$36.65 ,,,,
4/28/17,$35.91 ,,,,
4/27/17,$35.95 ,,,,
4/26/17,$35.92 ,,,,
4/25/17,$36.13 ,,,,
4/24/17,$35.91 ,,,,
4/21/17,$35.57 ,,,,
4/20/17,$35.61 ,,,,
4/19/17,$35.17 ,,,,
4/18/17,$35.30 ,,,,
4/17/17,$35.46 ,,,,
4/13/17,$35.26 ,,,,
4/12/17,$35.45 ,,,,
4/11/17,$35.41 ,,,,
4/10/17,$35.79 ,,,,
4/7/17,$35.84 ,,,,
4/6/17,$35.92 ,,,,
4/5/17,$36.01 ,,,,
4/4/17,$36.19 ,,,,
4/3/17,$35.93 ,,,,
3/31/17,$35.92 ,,,,
3/30/17,$35.98 ,,,,
3/29/17,$36.03 ,,,,
3/28/17,$35.95 ,,,,
3/27/17,$35.22 ,,,,
3/24/17,$35.16 ,,,,
3/23/17,$35.23 ,,,,
3/22/17,$35.36 ,,,,
3/21/17,$34.96 ,,,,
3/20/17,$35.37 ,,,,
3/17/17,$35.00 ,,,,
3/16/17,$35.17 ,,,,
3/15/17,$35.12 ,,,,
3/14/17,$34.75 ,,,,
3/13/17,$34.80 ,,,,
3/10/17,$34.79 ,,,,
3/9/17,$34.67 ,,,,
3/8/17,$34.75 ,,,,
3/7/17,$34.88 ,,,,
3/6/17,$34.84 ,,,,
3/3/17,$34.95 ,,,,
3/2/17,$34.74 ,,,,
3/1/17,$34.95 ,,,,
2/28/17,$34.25 ,,,,
2/27/17,$34.23 ,,,,
2/24/17,$34.17 ,,,,
2/23/17,$34.13 ,,,,
2/22/17,$34.28 ,,,,
2/21/17,$34.18 ,,,,
2/17/17,$33.93 ,,,,
2/16/17,$33.84 ,,,,
2/15/17,$33.88 ,,,,
2/14/17,$33.76 ,,,,
2/13/17,$33.32 ,,,,
2/10/17,$33.03 ,,,,
2/9/17,$33.11 ,,,,
2/8/17,$33.01 ,,,,
2/7/17,$32.88 ,,,,
2/6/17,$32.57 ,,,,
2/3/17,$32.27 ,,,,
2/2/17,$32.13 ,,,,
2/1/17,$32.19 ,,,,
1/31/17,$30.34 ,,,,
1/30/17,$30.41 ,,,,